<?xml version="1.0" encoding="UTF-8"?>
<configuration>

	<property name="FOLDER_NAME" value="logs" />
#this is used to print the logs on console
	<appender name="STDOUT" class="ch.qos.logback.core.ConsoleAppender">
		<layout class="ch.qos.logback.classic.PatternLayout">
			<Pattern>
				%date{ISO8601} %-5level %class{0}:%L - [%X] %msg%n
			</Pattern>
		</layout>
	</appender>

#this is rolling file appender.it will create folder name and debug.log file
	<appender name="FILE-AUDIT"
		class="ch.qos.logback.core.rolling.RollingFileAppender">
		<file>${FOLDER_NAME}/info.log</file>
		<encoder class="ch.qos.logback.classic.encoder.PatternLayoutEncoder">
			<Pattern>
				%date{ISO8601} %-5level %class{0}:%L - [%X] %msg%n
			</Pattern>
		</encoder>

#time base Rolling Policy it will create max size upto 10MB
		<rollingPolicy class="ch.qos.logback.core.rolling.TimeBasedRollingPolicy">
			roll over daily
			<fileNamePattern>${FOLDER_NAME}/archived/debug.%d{yyyy-MM-dd}.%i.log
			</fileNamePattern>
			<timeBasedFileNamingAndTriggeringPolicy
				class="ch.qos.logback.core.rolling.SizeAndTimeBasedFNATP">
				<maxFileSize>10MB</maxFileSize>
			</timeBasedFileNamingAndTriggeringPolicy>
		</rollingPolicy>

	</appender>

#rolling File Appender it is used to create error.log file
	<appender name="FILE-ERROR"
		class="ch.qos.logback.core.rolling.RollingFileAppender">
		<file>${FOLDER_NAME}/error.log</file>
		<encoder class="ch.qos.logback.classic.encoder.PatternLayoutEncoder">
			<Pattern>
				%date{ISO8601} %-5level %class{0}:%L - [%X] %msg%n
			</Pattern>
		</encoder>
#this is used create max size 10mb
		<rollingPolicy class="ch.qos.logback.core.rolling.TimeBasedRollingPolicy">
			roll over daily
			<fileNamePattern>${FOLDER_NAME}/archived/error.%d{yyyy-MM-dd}.%i.log
			</fileNamePattern>
			<timeBasedFileNamingAndTriggeringPolicy
				class="ch.qos.logback.core.rolling.SizeAndTimeBasedFNATP">
				<maxFileSize>10MB</maxFileSize>
			</timeBasedFileNamingAndTriggeringPolicy>
		</rollingPolicy>

	</appender>

	Send logs to both console and file audit
	<logger name="com.employeeManagement.controller" level="debug"
		additivity="false">
		<appender-ref ref="FILE-AUDIT" />
		<appender-ref ref="STDOUT" />
	</logger>

	<root level="error">
		<appender-ref ref="FILE-ERROR" />
	</root>

</configuration>